<?xml version="1.0" encoding="utf-8"?>
<modification>
    <name>Modification catalog/model/order.php</name>
    <code>alfaprotection</code>
    <version>1.0</version>
    <author>Ari</author>
    <link>http://ari.in.ua</link>
    <file path="catalog/model/checkout/order.php">
        <operation>
            <search><![CDATA[
            $fraud_status_id = $this->{'model_fraud_' . $extension['code']}->check($order_info);
            ]]></search>
            <add position="replace"><![CDATA[
            $fraud_status_id = $this->{'model_extension_fraud_' . $extension['code']}->check($order_info);
            ]]></add>
        </operation>
    </file>  
</modification>
